Symbol	Location	Category	Name	Chromosome
SKI	1p36.33	Oncogene	V-Ski Avian Sarcoma Viral Oncogene Homolog	1
PARK7	1p36.23	Oncogene	Parkinson Protein 7	1
FGR	1p36.2-p36.1	Oncogene	Feline Gardner-Rasheed Sarcoma Viral Oncogene Homolog	1
ENO1	1p36.2	--	enolase 1, (alpha) ENO1: Approved	1
AKR7A2	1p36.13	Other	Aldo-Keto Reductase Family 7, Member A2 (Aflatoxin Aldehyde...	1
NBL1	1p36.13	Tumor suppressor gene	Neuroblastoma 1, DAN Family BMP Antagonist	1
PAX7	1p36.13	Other	Paired Box 7	1
ZBTB17	1p36.13	Other	Zinc Finger And BTB Domain Containing 17	1
LIN28A	1p36.11	--	lin-28 homolog A (C. elegans) (Previous name: lin-28 homolog (C. elegans) ) LIN28A: Approved	1
EPHB2	1p36.1-p35	Tumor suppressor gene	EPH Receptor B2	1
EXTL1	1p36.1	Tumor suppressor gene	Exostosin-Like Glycosyltransferase 1	1
CDC2L1	1p36	Tumor suppressor gene	cell division cycle 2-like 1 (PITSLRE proteins)	1
RUNX3	1p36	Tumor suppressor gene	Runt-Related Transcription Factor 3	1
TRE	1p36	Oncogene	tRNA glutamic acid	1
ARID1A	1p35.3	Tumor suppressor gene	AT Rich Interactive Domain 1A (SWI-Like)	1
FNDC5	1p35.1	--	fibronectin type III domain containing 5 FNDC5: Approved	1
COL16A1	1p35-p34	--	Collagen, Type XVI, Alpha 1	1
BAI2	1p35	Tumor suppressor gene	Brain-Specific Angiogenesis Inhibitor	1
PLA2G2A	1p35	Tumor suppressor gene	Phospholipase A2, Group IIA (Platelets, Synovial Fluid)	1
AGO1	1p34.3	--	Argonaute RISC Catalytic Component 1	1
KIAA0754	1p34.3	--	(predicted) KIAA0754	1
LCK	1p34.3	Oncogene	Lymphocyte-Specific Protein Tyrosine Kinase	1
MYCL1	1p34.2	Oncogene	v-myc myelocytomatosis viral oncogene homolog 1, lung carcinoma derived (avian)	1
PTCH2	1p34.1	Tumor suppressor gene	Patched	1
MPL	1p34	Oncogene	Myeloproliferative Leukemia Virus Oncogene	1
PTPRF	1p34	Tumor suppressor gene	Protein Tyrosine Phosphatase, Receptor Type, F	1
FABP3	1p33-p32	Tumor suppressor gene	Fatty Acid Binding Protein 3, Muscle And Heart (Mammary-Derived...	1
TGFBR3	1p33-p32	Tumor suppressor gene	Transforming Growth Factor, Beta Receptor III	1
TTC4	1p32.3	Tumor suppressor gene	Tetratricopeptide Repeat Domain 4	1
JUN	1p32-p31	Oncogene	Jun Proto-Oncogene	1
CDKN2C	1p32	Tumor suppressor gene	Cyclin-Dependent Kinase Inhibitor	1
EPS15	1p32	Other	Epidermal Growth Factor Receptor Pathway Substrate 15	1
ORC1	1p32	--	Origin Recognition Complex, Subunit 1 ------------------------------------- (Previous names: origin	1
RNF11	1p32	Other	Ring Finger Protein 11	1
TAL1	1p32	Oncogene	T-Cell Acute Lymphocytic Leukemia 1	1
IL12RB2	1p31.3-p31.2	Tumor suppressor gene	Interleukin 12 Receptor, Beta	1
FOXD3	1p31.3	--	Forkhead Box D3	1
DNAJB4	1p31.1	Tumor suppressor gene	DnaJ (Hsp40) Homolog, Subfamily B, Member 4	1
DIRAS3	1p31	Tumor suppressor gene	DIRAS Family, GTP-Binding RAS-Like 3	1
CYR61	1p22.3	--	Cysteine-Rich, Angiogenic Inducer, 61 ------------------------------------- (Previous	1
ARHGAP29	1p22.1	Tumor suppressor gene	Rho GTPase Activating Protein	1
BCL10	1p22	Tumor suppressor gene	B-Cell CLL/Lymphoma 10	1
GFI1	1p22	Oncogene	Growth Factor Independent 1 Transcription Repressor	1
EXTL2	1p21	Tumor suppressor gene	Exostosin-Like Glycosyltransferase	1
GSTM1	1p13.3	& -- & Tumor suppressor gene	glutathione S-transferase mu 1 ------------------------------ (Previous name: glutathione S-transfer	1
PRMT6	1p13.3	--	Protein Arginine Methyltransferase 6	1
VAV3	1p13.3	Oncogene	Vav 3 Guanine Nucleotide Exchange Factor	1
NRAS	1p13.2	Oncogene	Neuroblastoma RAS Viral (V-Ras) Oncogene Homolog	1
WNT2B	1p13	Other	Wingless-Type MMTV Integration Site Family, Member	1
CHD1L	1q12	Oncogene	Chromodomain Helicase DNA Binding Protein 1-Like	1
BCL9	1q21	Other	B-Cell CLL/Lymphoma 9	1
JTB	1q21	Other	Jumping Translocation Breakpoint	1
MLLT11	1q21	Oncogene	Myeloid/Lymphoid Or Mixed-Lineage Leukemia (Trithorax Homolog,...	1
PIAS3	1q21	Other	Protein Inhibitor Of Activated STAT, 3	1
RPS27	1q21	Other	Ribosomal Protein S27	1
S100A11	1q21	Other	S100 Calcium Binding Protein A11	1
S100A2	1q21	Tumor suppressor gene	S100 Calcium Binding Protein A2	1
SETDB1	1q21	Other	SET Domain, Bifurcated 1	1
SHC1	1q21	Other	SHC (Src Homology	1
NTRK1	1q21-q22	Oncogene	Neurotrophic Tyrosine Kinase, Receptor, Type 1	1
ETV3	1q21-q23	Oncogene	Ets Variant 3	1
C1ORF152	1q21.2	Oncogene	chromosome 1 open reading frame 152	1
KIAA1245	1q21.2	Oncogene	KIAA1245	1
AIM2	1q22	Tumor suppressor gene	Absent In Melanoma	1
GON4L	1q22	--	Gon-4-Like (C. Elegans)	1
HSD17B7	1q23	Tumor suppressor gene	Hydroxysteroid (17-Beta) Dehydrogenase 7	1
PBX1	1q23	Oncogene	Pre-B-Cell Leukemia Homeobox 1	1
DDR2	1q23.3	--	discoidin domain receptor tyrosine kinase 2 (Previous names: discoidin domain receptor family, membe	1
HSPA7	1q23.3	--	Heat Shock 70kDa Protein 7 (HSP70B)	1
LAMC2	1q25-q31	Oncogene	Laminin, Gamma	1
ABL2	1q25.2	Oncogene	C-Abl Oncogene	1
RGS2	1q31	Other	Regulator Of G-Protein Signaling	1
PTPRC	1q31-q32	--	Protein Tyrosine Phosphatase, Receptor Type, C ---------------------------------------------- (Previ	1
BTG2	1q32	Tumor suppressor gene	BTG Family, Member	1
IL24	1q32	Tumor suppressor gene	Interleukin	1
JARID1B	1q32.1	Other	Jumonji, AT rich interactive domain 1B (RBP2-like)	1
LRRN5	1q32.1	Oncogene	leucine rich repeat neuronal 5	1
MIR181A1	1q32.1	--	microRNA 181a-1 (Previous name: microRNA 213 ) MIR181A1: Approved	1
ELF3	1q32.2	Oncogene	E74-Like Factor 3 (Ets Domain Transcription Factor, Epithelial-Specific...	1
PROX1	1q41	Tumor suppressor gene	Prospero Homeobox 1	1
TGFB2	1q41	--	transforming growth factor, beta 2 TGFB2: Approved	1
LYST	1q42.1-q42.2	Other	Lysosomal Trafficking Regulator	1
RHOU	1q42.11-q42.3	--	Ras Homolog Family Member U	1
ADCK3	1q42.13	--	aarF domain containing kinase 3 (Previous names: chaperone-ABC1 (activity of bc1 complex, S.pombe)-l	1
EXOC8	1q42.2	--	exocyst complex component 8 EXOC8: Approved	1
CHRM3	1q43	Other	Cholinergic Receptor, Muscarinic 3	1
LGALS8	1q43	Other	Lectin, Galactoside-Binding, Soluble, 8	1
AKT3	1q44	Oncogene	V-Akt Murine Thymoma Viral Oncogene Homolog 3	1
ZNF496	1q44	--	Zinc Finger Protein 496	1
MYCN	2p24.3	Oncogene	V-Myc Avian Myelocytomatosis Viral Oncogene Neuroblastoma...	2
MYCNOS	2p24.1	Other	v-myc myelocytomatosis viral related oncogene, neuroblastoma derived (avian) opposite strand	2
DDX1	2p24	Other	DEAD (Asp-Glu-Ala-Asp) Box Helicase 1	2
NAG	2p24	Other	neuroblastoma-amplified protein	2
RHOB	2p24	Oncogene	Ras Homolog Family Member B	2
ROCK2	2p24	--	Rho-Associated, Coiled-Coil Containing Protein Kinase	2
EMILIN1	2p23.3-p23.2	Other	Elastin Microfibril Interfacer 1	2
ZFP36L2	2p22.3-p21	Other	ZFP36 Ring Finger Protein-Like	2
EIF2AK2	2p22-p21	Tumor suppressor gene	Eukaryotic Translation Initiation Factor	2
MSH2	2p21	Tumor suppressor gene	MutS Homolog	2
BCL11A	2p16.1	Oncogene	B-Cell CLL/Lymphoma 11A (Zinc Finger Protein)	2
MSH6	2p16	Other	MutS Homolog 6	2
COMMD1	2p15	--	copper metabolism (Murr1) domain containing 1 --------------------------------------------- (Previou	2
MEIS1	2p14	Oncogene	Meis Homeobox 1	2
SERTAD2	2p14	Oncogene	SERTA Domain Containing	2
REL	2p13-p12	Oncogene	V-Rel Avian Reticuloendotheliosis Viral Oncogene Homolog	2
IGKV1-5	2p12	--	Immunoglobulin Kappa Variable 1-5	2
IGKV1D-33	2p12	--	Immunoglobulin Kappa Variable 1D-33	2
IGKV3D-11	2p12	--	Immunoglobulin Kappa Variable 3D-11	2
IGKV3D-20	2p12	--	Immunoglobulin Kappa Variable 3D-20	2
LAF4	2q11.2-q12	Oncogene	AF4/FMR2 family, member 3	2
FHL2	2q12.2	Other	Four And A Half LIM Domains	2
BIN1	2q14	Tumor suppressor gene	Bridging Integrator 1	2
BUB1	2q14	Other	BUB1 Mitotic Checkpoint Serine/Threonine Kinase	2
IL1B	2q14	--	interleukin 1, beta IL1B: Approved	2
MERTK	2q14.1	Oncogene	C-Mer Proto-Oncogene Tyrosine Kinase	2
RALB	2q14.2	Oncogene	V-Ral Simian Leukemia Viral Oncogene Homolog B	2
STEAP3	2q14.2	Tumor suppressor gene	STEAP Family Member 3, Metalloreductase	2
NR4A2	2q22-q23	--	nuclear receptor subfamily 4, group A, member 2 NR4A2: Approved	2
NFE2L2	2q31	--	Nuclear Factor, Erythroid	2
TTN	2q31	--	titin ----- (Previous names: cardiomyopathy, dilated 1G (autosomal dominant) ) (Previous	2
PMS1	2q31.1	Other	PMS1 Postmeiotic Segregation Increased 1 (S. Cerevisiae)	2
HNRPA3	2q31.2	Other	heterogeneous nuclear ribonucleoprotein A3	2
GLS	2q32-q34	--	glutaminase GLS: Approved	2
ABI2	2q33	Tumor suppressor gene	Abl-Interactor	2
FZD7	2q33	Other	Frizzled Class Receptor 7	2
NIF3L1	2q33	--	NIF3 NGG1 interacting factor 3-like 1 (S. cerevisiae) (Previous names: NIF3 (Ngg1 interacting factor	2
ERBB4	2q33.3-q34	Oncogene	V-Erb-B2 Avian Erythroblastic Leukemia Viral Oncogene Homolog...	2
BARD1	2q34-q35	Tumor suppressor gene	BRCA1 Associated RING Domain 1	2
PAX3	2q35	Other	Paired Box 3	2
ABCB6	2q36	Other	ATP-Binding Cassette, Sub-Family B (MDR/TAP), Member 6	2
COL4A3	2q36-q37	Tumor suppressor gene	Collagen, Type IV, Alpha 3 (Goodpasture Antigen)	2
FARSLB	2q36.1	Other	phenylalanine-tRNA synthetase-like, beta subunit	2
CUL3	2q36.2	Tumor suppressor gene	Cullin 3	2
OGG1	3p26.2	--	8-oxoguanine DNA glycosylase OGG1: Approved	3
FANCD2	3p26	Tumor suppressor gene	Fanconi Anemia, Complementation Group D2	3
VHL	3p25.3	Tumor suppressor gene	Von Hippel-Lindau Tumor Suppressor, E3 Ubiquitin Protein...	3
RAF1	3p25	Oncogene	V-Raf-1 Murine Leukemia Viral Oncogene Homolog 1	3
SYN2	3p25	--	synapsin II SYN2: Approved	3
RARB	3p24.2	Tumor suppressor gene	Retinoic Acid Receptor, Beta	3
THRB	3p24.2	Oncogene	Thyroid Hormone Receptor, Beta	3
RPSA	3p22.2	Other	Ribosomal Protein SA	3
PLCD1	3p22-p21.3	Tumor suppressor gene	Phospholipase C, Delta 1	3
TGFBR2	3p22	Tumor suppressor gene	Transforming Growth Factor, Beta Receptor II (70/80kDa)	3
BAP1	3p21.31-p21.2	Tumor suppressor gene	BRCA1 Associated Protein-1 (Ubiquitin Carboxy-Terminal Hydrolase)	3
GNAI2	3p21.31	Other	Guanine Nucleotide Binding Protein (G Protein), Alpha Inhibiting...	3
DLEC1	3p21.3	Tumor suppressor gene	Deleted In Lung And Esophageal Cancer 1	3
LIMD1	3p21.3	Tumor suppressor gene	LIM Domains Containing 1	3
MLH1	3p21.3	Tumor suppressor gene	MutL Homolog 1	3
NPRL2	3p21.3	Tumor suppressor gene	Nitrogen Permease Regulator-Like	3
RASSF1	3p21.3	Tumor suppressor gene	Ras Association (RalGDS/AF-6) Domain Family Member 1	3
RBM5	3p21.3	Tumor suppressor gene	RNA Binding Motif Protein 5	3
RBM6	3p21.3	Tumor suppressor gene	RNA Binding Motif Protein 6	3
RHOA	3p21.3	Other	Ras Homolog Family Member A	3
USP4	3p21.3	Oncogene	Ubiquitin Specific Peptidase 4 (Proto-Oncogene)	3
ARMET	3p21.1	Other	arginine-rich, mutated in early stage tumors	3
PTPRG	3p21-p14	Tumor suppressor gene	Protein Tyrosine Phosphatase, Receptor Type, G	3
WNT5A	3p21-p14	Tumor suppressor gene	Wingless-Type MMTV Integration Site Family, Member 5A	3
CTNNB1	3p21	Oncogene	Catenin (Cadherin-Associated Protein), Beta 1, 88kDa	3
TCTA	3p21	Tumor suppressor gene	T-Cell Leukemia Translocation Altered	3
FHIT	3p14.2	Tumor suppressor gene	Fragile Histidine Triad	3
ADAMTS9	3p14.1	Tumor suppressor gene	ADAM Metallopeptidase With Thrombospondin Type 1 Motif,...	3
TSP50	3p14-p12	Oncogene	testes-specific protease 50	3
TFG	3q12.2	Oncogene	TRK-Fused Gene	3
CD47	3q13.1-q13.2	Other	CD47 Molecule	3
CBLB	3q13.11	Other	Cbl Proto-Oncogene B, E3 Ubiquitin Protein Ligase	3
LSAMP	3q13.2-q21	Tumor suppressor gene	Limbic System-Associated Membrane Protein	3
C3orf27	3q21	Other	Chromosome 3 Open Reading Frame	3
RYK	3q22	Oncogene	Receptor-Like Tyrosine Kinase	3
RASA2	3q22-q23	--	RAS P21 Protein Activator	3
MRAS	3q22.3	Oncogene	Muscle RAS Oncogene Homolog	3
ATR	3q23	--	Ataxia Telangiectasia And Rad3 Related	3
TFDP2	3q23	Other	Transcription Factor Dp-2 (E2F Dimerization Partner	3
EVI1	3q24-q28	Oncogene	ecotropic viral integration site 1	3
TM4SF4	3q25	--	Transmembrane 4 L Six Family Member 4	3
MLF1	3q25.1	Oncogene	Myeloid Leukemia Factor 1	3
MME	3q25.2	Oncogene	Membrane Metallo-Endopeptidase	3
RARRES1	3q25.32	Tumor suppressor gene	Retinoic Acid Receptor Responder (Tazarotene Induced) 1	3
SKIL	3q26	Oncogene	SKI-Like Oncogene	3
TERC	3q26	Oncogene	telomerase RNA component	3
SERPINI2	3q26.1	Tumor suppressor gene	Serpin Peptidase Inhibitor, Clade I (Pancpin), Member	3
EIF5A2	3q26.2	Oncogene	Eukaryotic Translation Initiation Factor 5A2	3
DCUN1D1	3q26.3	Oncogene	DCN1, Defective In Cullin Neddylation 1, Domain Containing...	3
PIK3CA	3q26.3	Oncogene	Phosphatidylinositol-4,5-Bisphosphate 3-Kinase, Catalytic...	3
PRKCI	3q26.3	Oncogene	Protein Kinase C, Iota	3
LAMP3	3q26.3-q27	Other	Lysosomal-Associated Membrane Protein 3	3
BCL6	3q27	& -- & oncogene	B-Cell CLL/Lymphoma 6	3
THPO	3q27	Oncogene	Thrombopoietin	3
FGF12	3q28	--	Fibroblast Growth Factor 12 --------------------------- (Previous	3
DLG1	3q29	Tumor suppressor gene	Discs, Large Homolog 1 (Drosophila)	3
FGFR3	4p16.3	Oncogene	Fibroblast Growth Factor Receptor 3	4
TACC3	4p16.3	Other	Transforming, Acidic Coiled-Coil Containing Protein 3	4
WHSC1	4p16.3	Oncogene	Wolf-Hirschhorn Syndrome Candidate 1	4
ABLIM2	4p16.1	Tumor suppressor gene	Actin Binding LIM Protein Family, Member	4
CTBP1	4p16	Tumor suppressor gene	C-Terminal Binding Protein 1	4
SLIT2	4p15.2	Tumor suppressor gene	Slit Homolog	4
RAC1P2	4p13	--	Ras-Related C3 Botulinum Toxin Substrate 1 Pseudogene	4
RHOH	4p13	Other	Ras Homolog Family Member H	4
TEC	4p12	Oncogene	Tec Protein Tyrosine Kinase	4
IGFBP7	4q12	Tumor suppressor gene	Insulin-Like Growth Factor Binding Protein 7	4
KIT	4q12	Oncogene	V-Kit Hardy-Zuckerman 4 Feline Sarcoma Viral Oncogene Homolog	4
PDGFRA	4q12	Oncogene	Platelet-Derived Growth Factor Receptor, Alpha Polypeptide	4
CXCL1	4q21	Oncogene	Chemokine (C-X-C Motif) Ligand 1 (Melanoma Growth Stimulating...	4
DMP1	4q21	Tumor suppressor gene	Dentin Matrix Acidic Phosphoprotein 1	4
FGF5	4q21	Oncogene	Fibroblast Growth Factor 5	4
MLLT2	4q21	Oncogene	AF4/FMR2 family, member 1	4
CXCL11	4q21.2	--	Chemokine (C-X-C Motif) Ligand 11	4
HPSE	4q21.3	Other	Heparanase	4
PTPN13	4q21.3	Tumor suppressor gene	Protein Tyrosine Phosphatase, Non-Receptor Type 13 (APO-1/CD95...	4
NFKB1	4q24	--	Nuclear Factor Of Kappa Light Polypeptide Gene Enhancer...	4
FGF2	4q26	& -- & Oncogene	Fibroblast Growth Factor	4
ANXA5	4q27	--	annexin A5 ---------- (Previous	4
CCNA2	4q27	Oncogene	Cyclin A2	4
GAB1	4q31.21	--	GRB2-Associated Binding Protein 1	4
FBXW7	4q31.3	Tumor suppressor gene	F-Box And WD Repeat Domain Containing 7, E3 Ubiquitin Protein...	4
ANP32C	4q32.3	Other	acidic (leucine-rich) nuclear phosphoprotein 32 family, member C	4
IRF2	4q34.1-q35.1	Oncogene	Interferon Regulatory Factor	4
VEGFC	4q34.3	--	Vascular Endothelial Growth Factor C	4
FAT	4q35	Tumor suppressor gene	FAT tumor suppressor homolog 1 (Drosophila)	4
ING2	4q35.1	Tumor suppressor gene	Inhibitor Of Growth Family, Member	4
SLC6A3	5p15.3	--	solute carrier family 6 (neurotransmitter transporter, dopamine),... -------------------------------	5
TRIO	5p15.2	Oncogene	Trio Rho Guanine Nucleotide Exchange Factor	5
DROSHA	5p13.3	--	Drosha, Ribonuclease Type III	5
GDNF	5p13.1-p12	--	Glial Cell Derived Neurotrophic Factor	5
DAB2	5p13.1	& -- & Tumor suppressor gene	Dab, Mitogen-Responsive Phosphoprotein, Homolog	5
SKP2	5p13	Other	S-Phase Kinase-Associated Protein	5
FGF10-AS1	5p12	--	FGF10 Antisense RNA 1	5
PPAP2A	5q11	Tumor suppressor gene	Phosphatidic Acid Phosphatase Type	5
MSH3	5q11-q12	Other	MutS Homolog 3	5
ERBB2IP	5q12.3	Other	Erbb2 Interacting Protein	5
ENC1	5q13	Tumor suppressor gene	Ectodermal-Neural Cortex 1 (With BTB Domain)	5
CHD1	5q15-q21	--	chromodomain helicase DNA binding protein 1 CHD1: Approved	5
FER	5q21	Oncogene	Fer (Fps/Fes Related) Tyrosine Kinase	5
MCC	5q21	& Tumor suppressor gene & --	mutated in colorectal cancers MCC: Approved	5
APC	5q21-q22	Tumor suppressor gene	Adenomatous Polyposis Coli	5
SRP19	5q21-q22	Other	Signal Recognition Particle 19kDa	5
GPX3	5q23	Tumor suppressor gene	Glutathione Peroxidase 3 (Plasma)	5
LOX	5q23.2	Tumor suppressor gene	Lysyl Oxidase	5
AFF4	5q31	Other	AF4/FMR2 Family, Member 4	5
TGFBI	5q31	Tumor suppressor gene	Transforming Growth Factor, Beta-Induced, 68kDa	5
EGR1	5q31.1	Tumor suppressor gene	Early Growth Response 1	5
IRF1	5q31.1	Tumor suppressor gene	Interferon Regulatory Factor 1	5
PDLIM4	5q31.1	Tumor suppressor gene	PDZ And LIM Domain 4	5
PPP2CA	5q31.1	Other	Protein Phosphatase	5
HINT1	5q31.2	Tumor suppressor gene	Histidine Triad Nucleotide Binding Protein 1	5
PCDH1	5q31.3	--	protocadherin 1 (Previous name: protocadherin 1 (cadherin-like 1) ) PCDH1: Approved	5
ABLIM3	5q32	Tumor suppressor gene	Actin Binding LIM Protein Family, Member 3	5
CSF1R	5q32	Oncogene	Colony Stimulating Factor 1 Receptor	5
PDGFRB	5q33.1	Oncogene	Platelet-Derived Growth Factor Receptor, Beta Polypeptide	5
HMMR	5q34	Oncogene	Hyaluronan-Mediated Motility Receptor (RHAMM)	5
MIR103A1	5q34	--	MicroRNA 103a-1	5
SQSTM1	5q35	--	sequestosome 1 (Previous names: Paget disease of bone 3, oxidative stress induced like ) SQSTM1: App	5
PTTG1	5q35.1	Oncogene	Pituitary Tumor-Transforming 1	5
MSX2	5q35.2	--	Msh Homeobox	5
DUSP22	6p25.3	Tumor suppressor gene	Dual Specificity Phosphatase	6
IRF4	6p25-p23	Oncogene	Interferon Regulatory Factor 4	6
TFAP2A	6p24	Other	Transcription Factor AP-2 Alpha (Activating Enhancer Binding...	6
DEK	6p22.3	Oncogene	DEK Oncogene	6
RFP	6p22	Oncogene	ret finger protein	6
MAPK14	6p21.3-p21.2	--	Mitogen-Activated Protein Kinase 14 ----------------------------------- (Previous	6
DDR1	6p21.3	--	discoidin domain receptor tyrosine kinase 1 (Previous names: discoidin domain receptor family, membe	6
DHX16	6p21.3	Other	DEAH (Asp-Glu-Ala-His) Box Polypeptide 16	6
TNF	6p21.3	--	tumor necrosis factor (Previous names: tumor necrosis factor (TNF superfamily, member 2) ) TNF: Appr	6
CDKN1A	6p21.2	Tumor suppressor gene	Cyclin-Dependent Kinase Inhibitor 1A (P21, Cip1)	6
PIM1	6p21.2	Oncogene	Pim-1 Oncogene	6
CUL7	6p21.1	Oncogene	Cullin 7	6
CDC5L	6p21	Oncogene	Cell Division Cycle 5-Like	6
RUNX2	6p21	Oncogene	Runt-Related Transcription Factor	6
SKIV2L	6p21	Other	Superkiller Viralicidic Activity	6
BMP5	6p12.1	--	Bone Morphogenetic Protein 5	6
VEGFA	6p12	Oncogene	Vascular Endothelial Growth Factor A	6
RAB23	6p11	Oncogene	RAB23, Member RAS Oncogene Family	6
BAI3	6q12	Tumor suppressor gene	Brain-Specific Angiogenesis Inhibitor 3	6
PTP4A1	6q12	Other	Protein Tyrosine Phosphatase Type IVA, Member 1	6
BACH2	6q15	Tumor suppressor gene	BTB And CNC Homology 1, Basic Leucine Zipper Transcription...	6
HACE1	6q16.3	Tumor suppressor gene	HECT Domain And Ankyrin Repeat Containing E3 Ubiquitin Protein...	6
FYN	6q21	Oncogene	FYN Oncogene Related To SRC, FGR, YES	6
PRDM1	6q21	Tumor suppressor gene	PR Domain Containing 1, With ZNF Domain	6
REV3L	6q21	Tumor suppressor gene	REV3-Like, Polymerase (DNA Directed), Zeta, Catalytic Subunit	6
WISP3	6q21	Oncogene	WNT1 Inducible Signaling Pathway Protein 3	6
FRK	6q21-q22.3	--	Fyn-Related Kinase	6
ROS1	6q22	Oncogene	C-Ros Oncogene 1 , Receptor Tyrosine Kinase	6
MYB	6q22-q23	& -- & Oncogene	V-Myb Avian Myeloblastosis Viral Oncogene Homolog	6
TPD52L1	6q22-q23	Other	Tumor Protein D52-Like 1	6
PTPRK	6q22.2-q22.3	Tumor suppressor gene	Protein Tyrosine Phosphatase, Receptor Type, K	6
MAP3K5	6q22.33	--	mitogen-activated protein kinase kinase kinase 5 MAP3K5: Approved	6
CTGF	6q23.1	Oncogene	Connective Tissue Growth Factor	6
AHI1	6q23.3	Oncogene	Abelson Helper Integration Site 1	6
AKAP12	6q24-q25	Tumor suppressor gene	A Kinase (PRKA) Anchor Protein 12	6
PLAGL1	6q24-q25	Tumor suppressor gene	Pleiomorphic Adenoma Gene-Like 1	6
ESR1	6q25.1	Oncogene	Estrogen Receptor 1	6
LATS1	6q25.1	Tumor suppressor gene	Large Tumor Suppressor Kinase 1	6
TIAM2	6q25.2	--	T-Cell Lymphoma Invasion And Metastasis	6
MAS1	6q25.3-q26	Oncogene	MAS1 Oncogene	6
IGF2R	6q26	Tumor suppressor gene	Insulin-Like Growth Factor	6
FGFR1OP	6q27	Oncogene	FGFR1 Oncogene Partner	6
MLLT4	6q27	Other	Myeloid/Lymphoid Or Mixed-Lineage Leukemia (Trithorax Homolog,...	6
GNA12	7p22.2	Oncogene	Guanine Nucleotide Binding Protein (G Protein) Alpha 12	7
PMS2	7p22.2	Other	PMS2 Postmeiotic Segregation Increased	7
ETV1	7p21.3	Oncogene	Ets Variant 1	7
TWIST1	7p21.2	Oncogene	Twist Family BHLH Transcription Factor 1	7
HDAC9	7p21.1	--	Histone Deacetylase 9	7
TSPAN13	7p21.1	Tumor suppressor gene	Tetraspanin 13	7
HOXA10	7p15.2	Oncogene	Homeobox A10	7
HOXA9	7p15.2	Other	Homeobox A9	7
RALA	7p15-p13	& -- & Oncogene	V-Ral Simian Leukemia Viral Oncogene Homolog A (Ras Related)	7
DFNA5	7p15	Tumor suppressor gene	Deafness, Autosomal Dominant 5	7
TBX20	7p14.3	--	T-Box	7
SFRP4	7p14.1	Other	Secreted Frizzled-Related Protein 4	7
EGFR	7p12	Oncogene	Epidermal Growth Factor Receptor	7
PTPN12	7q11.23	Tumor suppressor gene	Protein Tyrosine Phosphatase, Non-Receptor Type 12	7
CYP3A4	7q21.1	Other	Cytochrome P450, Family 3, Subfamily A, Polypeptide 4	7
HGF	7q21.1	Oncogene	Hepatocyte Growth Factor (Hepapoietin A; Scatter Factor)	7
SEMA3E	7q21.11	Other	Sema Domain, Immunoglobulin Domain (Ig), Short Basic Domain,...	7
ABCB1	7q21.12	--	ATP-binding cassette, sub-family B (MDR/TAP), member 1 ---------------------------------------------	7
KRIT1	7q21.2	Tumor suppressor gene	KRIT1, Ankyrin Repeat Containing	7
TRRAP	7q21.2-q22.1	Other	Transformation/Transcription Domain-Associated Protein	7
FBXL13	7q22.1	Tumor suppressor gene	F-Box And Leucine-Rich Repeat Protein 13	7
KMT2E	7q22.1	--	Lysine (K)-Specific Methyltransferase	7
LRRC17	7q22.1	Other	Leucine Rich Repeat Containing 17	7
MBLAC1	7q22.1	--	metallo-beta-lactamase domain containing 1 MBLAC1: Approved	7
NAPE-PLD	7q22.1	Tumor suppressor gene	N-acyl-phosphatidylethanolamine-hydrolyzing phospholipase D	7
SVH	7q22.1	Tumor suppressor gene	SVH protein	7
NAMPT	7q22.3	--	Nicotinamide Phosphoribosyltransferase	7
ING3	7q31	Tumor suppressor gene	Inhibitor Of Growth Family, Member 3	7
MET	7q31	Oncogene	Met Proto-Oncogene	7
NRCAM	7q31	Tumor suppressor gene	Neuronal Cell Adhesion Molecule	7
SLC26A3	7q31	Tumor suppressor gene	Solute Carrier Family	7
CAV1	7q31.1	& -- & Tumor suppressor gene	Caveolin 1, Caveolae Protein,	7
CAV2	7q31.1	Tumor suppressor gene	Caveolin	7
ST7	7q31.2	--	suppression of tumorigenicity 7 ------------------------------- (Previous	7
SMO	7q32.3	Tumor suppressor gene	Smoothened, Frizzled Class Receptor	7
CLEC5A	7q33	--	C-Type Lectin Domain Family 5, Member A	7
BRAF	7q34	Oncogene	V-Raf Murine Sarcoma Viral Oncogene Homolog B	7
ARHGEF5	7q35	Oncogene	Rho Guanine Nucleotide Exchange Factor (GEF) 5	7
SHH	7q36	Other	Sonic Hedgehog	7
CUL1	7q36.1	Tumor suppressor gene	Cullin 1	7
CSMD1	8p23.2	Tumor suppressor gene	CUB And Sushi Multiple Domains 1	8
GATA4	8p23.1-p22	Oncogene	GATA Binding Protein 4	8
PDGFRL	8p22-p21.3	Tumor suppressor gene	Platelet-Derived Growth Factor Receptor-Like	8
DLC1	8p22	Tumor suppressor gene	Deleted In Liver Cancer 1	8
FGF20	8p22	Oncogene	Fibroblast Growth Factor	8
LPL	8p22	Tumor suppressor gene	Lipoprotein Lipase	8
MTUS1	8p22	Tumor suppressor gene	Microtubule Associated Tumor Suppressor 1	8
TUSC3	8p22	Tumor suppressor gene	Tumor Suppressor Candidate 3	8
RHOBTB2	8p21.3	Tumor suppressor gene	Rho-Related BTB Domain Containing	8
NKX3-1	8p21.2	Other	NK3 Homeobox 1	8
BNIP3L	8p21	Tumor suppressor gene	BCL2/Adenovirus E1B 19kDa Interacting Protein 3-Like	8
EXTL3	8p21	Tumor suppressor gene	Exostosin-Like Glycosyltransferase 3	8
SCARA3	8p21	Tumor suppressor gene	Scavenger Receptor Class A, Member 3	8
DUSP26	8p12	Oncogene	Dual Specificity Phosphatase	8
FGFR1	8p12	Oncogene	Fibroblast Growth Factor Receptor 1	8
TACC1	8p11.22	Other	Transforming, Acidic Coiled-Coil Containing Protein 1	8
CEBPD	8p11.2-p11.1	Tumor suppressor gene	CCAAT/Enhancer Binding Protein (C/EBP), Delta	8
MOS	8q11	Oncogene	V-Mos Moloney Murine Sarcoma Viral Oncogene Homolog	8
PRKDC	8q11	--	Protein Kinase, DNA-Activated, Catalytic Polypeptide	8
CEBPD	8q11.21	Tumor suppressor gene	CCAAT/Enhancer Binding Protein (C/EBP), Delta	8
LYN	8q13	Oncogene	V-Yes-1 Yamaguchi Sarcoma Viral Related Oncogene Homolog	8
COPS5	8q13.1	Oncogene	COP9 Signalosome Subunit 5	8
PTTG3P	8q13.1	--	Pituitary Tumor-Transforming 3, Pseudogene	8
TPD52	8q21	Oncogene	Tumor Protein D52	8
UBE2HP1	8q21.13	--	Ubiquitin-Conjugating Enzyme E2H Pseudogene 1	8
MYBL1	8q22	Oncogene	V-Myb Avian Myeloblastosis Viral Oncogene Homolog-Like 1	8
RUNX1T1	8q22	Oncogene	Runt-Related Transcription Factor 1; Translocated To, 1...	8
TP53INP1	8q22	Tumor suppressor gene	Tumor Protein P53 Inducible Nuclear Protein 1	8
CCNE2	8q22.1	Other	Cyclin E2	8
RAD54B	8q22.1	Other	RAD54 Homolog B (S. Cerevisiae)	8
MIR875	8q22.2	--	microRNA 875 ------------ (Previous	8
PVT1	8q24	Oncogene	Pvt1 oncogene homolog, MYC activator (mouse)	8
NOV	8q24.1	Oncogene	Nephroblastoma Overexpressed	8
EXT1	8q24.11	Tumor suppressor gene	Exostosin Glycosyltransferase 1	8
TRPS1	8q24.12	--	Trichorhinophalangeal Syndrome I	8
MYC	8q24.21	Oncogene	V-Myc Avian Myelocytomatosis Viral Oncogene Homolog	8
WISP1	8q24.22	Oncogene	WNT1 Inducible Signaling Pathway Protein 1	8
KCNK9	8q24.3	Oncogene	Potassium Channel, Subfamily K, Member 9	8
NDRG1	8q24.3	Tumor suppressor gene	N-Myc Downstream Regulated 1	8
OVC	9p24	Oncogene	Oncogene OVC (ovarian adenocarcinoma oncogene)	9
PTPRD	9p23-p24.3	Tumor suppressor gene	Protein Tyrosine Phosphatase, Receptor Type, D	9
IFNA1	9p22	Tumor suppressor gene	Interferon, Alpha 1	9
MLLT3	9p22	Oncogene	Myeloid/Lymphoid Or Mixed-Lineage Leukemia (Trithorax Homolog,...	9
CDKN2A	9p21	Tumor suppressor gene	Cyclin-Dependent Kinase Inhibitor	9
CDKN2B	9p21	Tumor suppressor gene	Cyclin-Dependent Kinase Inhibitor	9
FANCG	9p13	Tumor suppressor gene	Fanconi Anemia, Complementation Group G	9
PAX5	9p13	Oncogene	Paired Box 5	9
DAPK1	9q21.33	Tumor suppressor gene	Death-Associated Protein Kinase 1	9
PTCH	9q22.3	Tumor suppressor gene	patched homolog (Drosophila)	9
ANP32B	9q22.32	Other	Acidic (Leucine-Rich) Nuclear Phosphoprotein 32 Family,...	9
KLF4	9q31	Oncogene	Kruppel-Like Factor 4 (Gut)	9
PTPN3	9q31	Tumor suppressor gene	Protein Tyrosine Phosphatase, Non-Receptor Type 3	9
DEC1	9q32	Tumor suppressor gene	deleted in esophageal cancer 1	9
SLC31A1	9q32	--	Solute Carrier Family 31 (Copper Transporter), Member 1	9
TAL2	9q32	Other	T-Cell Acute Lymphocytic Leukemia	9
RAB14	9q32-q34.11	--	RAB14, Member RAS Oncogene Family	9
TNFSF8	9q33	--	Tumor Necrosis Factor (Ligand) Superfamily, Member 8 -----------------------------------------------	9
TRAF1	9q33-q34	--	TNF Receptor-Associated Factor 1	9
TRIM32	9q33.1	Oncogene	Tripartite Motif Containing 32	9
PAPPA	9q33.2	--	Pregnancy-Associated Plasma Protein A, Pappalysin 1	9
LHX2	9q33.3	Other	LIM Homeobox	9
PBX3	9q33.3	Other	Pre-B-Cell Leukemia Homeobox 3	9
LCN2	9q34	Oncogene	Lipocalin	9
SET	9q34	Oncogene	SET translocation (myeloid leukemia-associated)	9
TRAF2	9q34	--	TNF receptor-associated factor 2 TRAF2: Approved	9
TSC1	9q34	Tumor suppressor gene	Tuberous Sclerosis 1	9
ABL1	9q34.1	& -- & Oncogene	C-Abl Oncogene 1, Non-Receptor Tyrosine Kinase	9
NUP214	9q34.1	Other	Nucleoporin	9
VAV2	9q34.1	Oncogene	Vav	9
GFI1B	9q34.13	Other	Growth Factor Independent 1B Transcription Repressor	9
NDOR1	9q34.3	Other	NADPH Dependent Diflavin Oxidoreductase 1	9
KLF6	10p15	Tumor suppressor gene	Kruppel-Like Factor 6	10
NET1	10p15	Oncogene	Neuroepithelial Cell Transforming 1	10
RSU1	10p13	Other	Ras Suppressor Protein 1	10
BAMBI	10p12.3-p11.2	Other	BMP And Activin Membrane-Bound Inhibitor	10
TRIAP1P1	10p12.1	--	TP53 Regulated Inhibitor Of Apoptosis 1 Pseudogene 1	10
MAP3K8	10p11.23	Oncogene	Mitogen-Activated Protein Kinase Kinase Kinase 8	10
PCGF4	10p11.23	Oncogene	polycomb group ring finger 4	10
CUL2	10p11.21	Tumor suppressor gene	Cullin	10
NCOA4	10q11.2	Other	Nuclear Receptor Coactivator 4	10
RET	10q11.2	Oncogene	Ret Proto-Oncogene	10
ANXA8	10q11.22	Other	Annexin A8	10
MAPK8	10q11.22	Oncogene	Mitogen-Activated Protein Kinase 8	10
VCL	10q22.2	Tumor suppressor gene	Vinculin	10
PPP1R3C	10q23-q24	Tumor suppressor gene	Protein Phosphatase 1, Regulatory Subunit 3C	10
SNCG	10q23.2-q23.3	Other	Synuclein, Gamma (Breast Cancer-Specific Protein 1)	10
PTEN	10q23.3	Tumor suppressor gene	Phosphatase And Tensin Homolog	10
CEP55	10q23.33	Oncogene	Centrosomal Protein 55kDa	10
FGF8	10q24	Oncogene	Fibroblast Growth Factor 8 (Androgen-Induced)	10
LGI1	10q24	Tumor suppressor gene	Leucine-Rich, Glioma Inactivated 1	10
LZTS2	10q24	Tumor suppressor gene	Leucine Zipper, Putative Tumor Suppressor	10
NFKB2	10q24	Oncogene	Nuclear Factor Of Kappa Light Polypeptide Gene Enhancer...	10
PAX2	10q24	Oncogene	Paired Box	10
TLX1	10q24	Oncogene	T-Cell Leukemia Homeobox 1	10
MXI1	10q24-q25	Tumor suppressor gene	MAX Interactor 1, Dimerization Protein	10
FRAT1	10q24.1	& -- & Oncogene	frequently rearranged in advanced T-cell lymphomas FRAT1: Approved	10
FRAT2	10q24.1	Oncogene	Frequently Rearranged In Advanced T-Cell Lymphomas	10
SFRP5	10q24.1	Tumor suppressor gene	Secreted Frizzled-Related Protein 5	10
PITX3	10q24.32	--	paired-like homeodomain 3 (Previous name: paired-like homeodomain transcription factor 3 ) PITX3: Ap	10
CSPG6	10q25	Other	chondroitin sulfate proteoglycan 6 (bamacan)	10
NEURL	10q25.1	Tumor suppressor gene	neuralized-like (Drosophila)	10
TCF7L2	10q25.3	--	Transcription Factor 7-Like	10
FGFR2	10q26	Oncogene	Fibroblast Growth Factor Receptor	10
TACC2	10q26	Other	Transforming, Acidic Coiled-Coil Containing Protein	10
CTBP2	10q26.13	& -- & Tumor suppressor gene	C-Terminal Binding Protein	10
DMBT1	10q26.13	Tumor suppressor gene	Deleted In Malignant Brain Tumors 1	10
ANO9	11p15.5	--	Anoctamin 9	11
CDKN1C	11p15.5	Tumor suppressor gene	Cyclin-Dependent Kinase Inhibitor 1C (P57, Kip2)	11
DRD4	11p15.5	--	Dopamine Receptor D4	11
HRAS	11p15.5	Oncogene	Harvey Rat Sarcoma Viral Oncogene Homolog	11
MUC5B	11p15.5	--	mucin 5B, oligomeric mucus/gel-forming (Previous names: mucin 5, subtype B, tracheobronchial ) MUC5B	11
NUP98	11p15.5	Other	Nucleoporin 98kDa	11
RASSF7	11p15.5	--	Ras Association (RalGDS/AF-6) Domain Family (N-Terminal)... ----------------------------------------	11
SLC22A18	11p15.5	Tumor suppressor gene	Solute Carrier Family	11
TSPAN32	11p15.5	Tumor suppressor gene	Tetraspanin 32	11
TSSC4	11p15.5	Tumor suppressor gene	Tumor Suppressing Subtransferable Candidate 4	11
PRKCDBP	11p15.4	Tumor suppressor gene	Protein Kinase C, Delta Binding Protein	11
TPH1	11p15.3-p14	--	Tryptophan Hydroxylase 1	11
DKK3	11p15.2	Tumor suppressor gene	Dickkopf WNT Signaling Pathway Inhibitor 3	11
RRAS2	11p15.2	Other	Related RAS Viral (R-Ras) Oncogene Homolog	11
TEAD1	11p15.2	Oncogene	TEA Domain Family Member 1 (SV40 Transcriptional Enhancer...	11
HTATIP2	11p15.1	Tumor suppressor gene	HIV-1 Tat Interactive Protein	11
LMO1	11p15	Oncogene	LIM Domain Only 1 (Rhombotin 1)	11
MRVI1	11p15	Tumor suppressor gene	Murine Retrovirus Integration Site 1 Homolog	11
ST5	11p15	Tumor suppressor gene	Suppression Of Tumorigenicity 5	11
TSG101	11p15	Tumor suppressor gene	Tumor Susceptibility 101	11
CD44	11p13	--	CD44 Molecule (Indian Blood Group) ---------------------------------- (Previous name: CD44 antigen (	11
LMO2	11p13	Oncogene	LIM Domain Only	11
WT1	11p13	Tumor suppressor gene	Wilms Tumor 1	11
EXT2	11p12-p11	Tumor suppressor gene	Exostosin Glycosyltransferase	11
EHF	11p12	Tumor suppressor gene	Ets Homologous Factor	11
CD82	11p11.2	Tumor suppressor gene	CD82 Molecule	11
SPI1	11p11.2	Oncogene	Spleen Focus Forming Virus (SFFV) Proviral Integration Oncogene	11
OR5AK3P	11q12.1	--	Olfactory Receptor, Family 5, Subfamily AK, Member 3 Pseudogene	11
OR8J2	11q12.1	--	Olfactory Receptor, Family 8, Subfamily J, Member 2 (Gene/Pseudogene) ------------------------------	11
SLC43A1	11q12.1	Other	Solute Carrier Family 43 (Amino Acid System L Transporter),...	11
CCND1	11q13	Oncogene	Cyclin D1	11
CDK2AP2	11q13	Tumor suppressor gene	Cyclin-Dependent Kinase	11
CFL1	11q13	--	Cofilin 1 (Non-Muscle)	11
CHRM1	11q13	Other	Cholinergic Receptor, Muscarinic 1	11
CTTN	11q13	Oncogene	Cortactin	11
FGF3	11q13	& -- & Oncogene	Fibroblast Growth Factor 3	11
FOSL1	11q13	Oncogene	FOS-Like Antigen 1	11
MEN1	11q13	Tumor suppressor gene	Multiple Endocrine Neoplasia I	11
NUMA1	11q13	Other	Nuclear Mitotic Apparatus Protein 1	11
PLCB3	11q13	Tumor suppressor gene	Phospholipase C, Beta 3 (Phosphatidylinositol-Specific)	11
PPP1CA	11q13	Tumor suppressor gene	Protein Phosphatase 1, Catalytic Subunit, Alpha Isozyme	11
BANF1	11q13.1	Oncogene	Barrier To Autointegration Factor 1	11
CHKA	11q13.2	Oncogene	Choline Kinase Alpha	11
FADD	11q13.3	Other	Fas (TNFRSF6)-Associated Via Death Domain	11
FGF4	11q13.3	& -- & Oncogene	Fibroblast Growth Factor 4	11
ORAOV1	11q13.3	Oncogene	Oral Cancer Overexpressed 1	11
RPS3	11q13.3-q13.5	Other	Ribosomal Protein S3	11
ARHGEF17	11q13.4	Tumor suppressor gene	Rho Guanine Nucleotide Exchange Factor (GEF) 17	11
ATM	11q22-q23	--	Ataxia Telangiectasia Mutated	11
CUL5	11q22.3	Tumor suppressor gene	Cullin 5	11
LOH11CR2A	11q23	Tumor suppressor gene	loss of heterozygosity, 11, chromosomal region 2, gene A	11
MLL	11q23	Oncogene	myeloid/lymphoid or mixed-lineage leukemia (trithorax homolog, Drosophila)	11
RARRES3	11q23	Tumor suppressor gene	Retinoic Acid Receptor Responder (Tazarotene Induced) 3	11
IGSF4	11q23.2	Tumor suppressor gene	immunoglobulin superfamily, member 4	11
PPP2R1B	11q23.2	Tumor suppressor gene	Protein Phosphatase	11
CBL	11q23.3	Oncogene	Cbl Proto-Oncogene, E3 Ubiquitin Protein Ligase	11
DDX6	11q23.3	Other	DEAD (Asp-Glu-Ala-Asp) Box Helicase 6	11
ETS1	11q23.3	& Oncogene & Tumor suppressor gene	V-Ets Avian Erythroblastosis Virus E26 Oncogene Homolog...	11
FLI1	11q24.1-q24.3	Oncogene	Fli-1 Proto-Oncogene, ETS Transcription Factor	11
CDON	11q24.2	Oncogene	Cell Adhesion Associated, Oncogene Regulated	11
CHEK1	11q24.2	Tumor suppressor gene	Checkpoint Kinase 1	11
ING4	12p13.31	Tumor suppressor gene	Inhibitor Of Growth Family, Member 4	12
PRMT8	12p13.3	--	Protein Arginine Methyltransferase 8	12
CDKN1B	12p13.1-p12	Tumor suppressor gene	Cyclin-Dependent Kinase Inhibitor 1B (P27, Kip1)	12
GPRC5A	12p13-p12.3	Tumor suppressor gene	G Protein-Coupled Receptor, Class C, Group 5, Member A	12
CCND2	12p13	Oncogene	Cyclin D2	12
ETV6	12p13	& -- & Tumor suppressor gene	Ets Variant 6	12
FGF6	12p13	Oncogene	Fibroblast Growth Factor 6	12
EMP1	12p12.3	Other	Epithelial Membrane Protein 1	12
MGP	12p12.3	Other	Matrix Gla Protein	12
RASSF8	12p12.3	Tumor suppressor gene	Ras Association (RalGDS/AF-6) Domain Family (N-Terminal)...	12
PTHLH	12p12.1-p11.2	Other	Parathyroid Hormone-Like Hormone	12
KRAS	12p12.1	Oncogene	Kirsten Rat Sarcoma Viral Oncogene Homolog	12
SSPN	12p11.2	Other	Sarcospan	12
PDZRN4	12q12	--	PDZ domain containing ring finger 4 PDZRN4: Approved	12
RND1	12q12	Oncogene	Rho Family GTPase 1	12
CDK2	12q13	Other	Cyclin-Dependent Kinase	12
ERBB3	12q13	Oncogene	V-Erb-B2 Avian Erythroblastic Leukemia Viral Oncogene Homolog...	12
KRT84	12q13	--	keratin 84 (Previous names: keratin, hair, basic, 4 ) KRT84: Approved	12
WNT1	12q13	Oncogene	Wingless-Type MMTV Integration Site Family, Member 1	12
WNT10B	12q13	Other	Wingless-Type MMTV Integration Site Family, Member 10B	12
YEATS4	12q13-q15	Other	YEATS Domain Containing 4	12
DDIT3	12q13.1-q13.2	Oncogene	DNA-Damage-Inducible Transcript 3	12
ANP32D	12q13.11	Other	Acidic (Leucine-Rich) Nuclear Phosphoprotein 32 Family,...	12
COL2A1	12q13.11	--	Collagen, Type II, Alpha 1 -------------------------- (Previous names: collagen, type II, alpha 1 (p	12
ATP5B	12q13.13	--	ATP synthase, H+ transporting, mitochondrial F1 complex,... ----------------------------------------	12
KRT5	12q13.13	--	keratin 5 (Previous names: epidermolysis bullosa simplex 2 Dowling-Meara/Kobner/Weber-Cockayne types	12
GLYCAM1	12q13.2	--	Glycosylation Dependent Cell Adhesion Molecule 1 (Pseudogene)	12
GLI1	12q13.2-q13.3	Oncogene	GLI Family Zinc Finger 1	12
HOXC6	12q13.3	Other	Homeobox C6	12
CDK4	12q14	Oncogene	Cyclin-Dependent Kinase 4	12
CTDSP2	12q14.1	Other	CTD (Carboxy-Terminal Domain, RNA Polymerase II, Polypeptide...	12
SRGAP1	12q14.2	--	SLIT-ROBO Rho GTPase Activating Protein 1	12
MDM2	12q14.3-q15	Oncogene	MDM2 Oncogene, E3 Ubiquitin Protein Ligase	12
HMGA2	12q15	Oncogene	High Mobility Group AT-Hook	12
PAWR	12q21	Tumor suppressor gene	PRKC, Apoptosis, WT1, Regulator	12
TPH2	12q21.1	--	Tryptophan Hydroxylase	12
DUSP6	12q22-q23	--	Dual Specificity Phosphatase 6	12
APAF1	12q23	Tumor suppressor gene	Apoptotic Peptidase Activating Factor 1	12
PRDM4	12q23-q24.1	Tumor suppressor gene	PR Domain Containing 4	12
ASCL1	12q23.2	Other	Achaete-Scute Family BHLH Transcription Factor 1	12
IGF1	12q23.2	--	Insulin-Like Growth Factor 1 (Somatomedin C)	12
PTPN11	12q24	Oncogene	Protein Tyrosine Phosphatase, Non-Receptor Type 11	12
BCL7A	12q24.13	Other	B-Cell CLL/Lymphoma 7A	12
OAS1	12q24.2	--	2'-5'-oligoadenylate synthetase 1, 40/46kDa ------------------------------------------- (Previous na	12
CDK2AP1	12q24.31	Tumor suppressor gene	Cyclin-Dependent Kinase	12
RAB35	12q24.31	--	RAB35, Member RAS Oncogene Family	12
RSRC2	12q24.31	Tumor suppressor gene	Arginine/Serine-Rich Coiled-Coil	12
FGF9	13q11-q12	--	Fibroblast Growth Factor 9	13
ATP8A2	13q12	Tumor suppressor gene	ATPase, Aminophospholipid Transporter, Class I, Type 8A,...	13
APRIN	13q12.3	Tumor suppressor gene	androgen-induced proliferation inhibitor	13
BRCA2	13q12.3	Tumor suppressor gene	Breast Cancer	13
CDX2	13q12.3	& -- & Other	Caudal Type Homeobox	13
GTF2F2	13q14	--	general transcription factor IIF, polypeptide 2, 30kDa (Previous names: general transcription factor	13
RFP2	13q14	Tumor suppressor gene	ret finger protein 2	13
FOXO1A	13q14.1	Tumor suppressor gene	forkhead box O1A (rhabdomyosarcoma)	13
C13ORF15	13q14.11	& Other & Tumor suppressor gene	chromosome 13 open reading frame 15	13
ARL11	13q14.2	Tumor suppressor gene	ADP-Ribosylation Factor-Like 11	13
RB1	13q14.2	Tumor suppressor gene	Retinoblastoma 1	13
DLEU1	13q14.3	Tumor suppressor gene	deleted in lymphocytic leukemia, 1	13
DLEU2	13q14.3	Tumor suppressor gene	deleted in lymphocytic leukemia, 2	13
CUL4A	13q34	Tumor suppressor gene	Cullin 4A	13
ING1	13q34	Tumor suppressor gene	Inhibitor Of Growth Family, Member 1	13
MCF2L	13q34	Oncogene	MCF.2 Cell Line Derived Transforming Sequence-Like	13
BCL2L2	14q11.2-q12	Oncogene	BCL2-Like	14
CFL2	14q12	--	Cofilin	14
NFKBIA	14q13	--	Nuclear Factor Of Kappa Light Polypeptide Gene Enhancer... -----------------------------------------	14
NKX2-1	14q13	Oncogene	NK2 Homeobox 1	14
NKX2-8	14q13.3	Other	NK2 Homeobox 8	14
MAX	14q23	Other	MYC Associated Factor X	14
GPX2	14q24.1	Oncogene	Glutathione Peroxidase	14
ESRRB	14q24.3	--	estrogen-related receptor beta ------------------------------ (Previous names: deafness, autosomal r	14
FOS	14q24.3	Oncogene	FBJ Murine Osteosarcoma Viral Oncogene Homolog	14
SKIIP	14q24.3	Other	SNW domain containing 1	14
TCL1A	14q32.1	Oncogene	T-Cell Leukemia/Lymphoma 1A	14
TCL1B	14q32.1	Oncogene	T-Cell Leukemia/Lymphoma 1B	14
TCL6	14q32.1	Oncogene	T-cell leukemia/lymphoma 6	14
GOLGA5	14q32.12	Oncogene	Golgin A5	14
AKT1	14q32.32	Oncogene	V-Akt Murine Thymoma Viral Oncogene Homolog 1	14
IGHV2-70	14q32.33	--	Immunoglobulin Heavy Variable	14
IGHV3-23	14q32.33	--	Immunoglobulin Heavy Variable 3-23	14
UBR1	15q13	--	Ubiquitin Protein Ligase E3 Component N-Recognin 1	15
CCNDBP1	15q14-q15	Tumor suppressor gene	Cyclin D-Type Binding-Protein 1	15
TYRO3	15q15	--	TYRO3 Protein Tyrosine Kinase	15
MAP1A	15q15.3	--	Microtubule-Associated Protein 1A --------------------------------- (Previous	15
ALDH1A2	15q21.3	Tumor suppressor gene	Aldehyde Dehydrogenase 1 Family, Member A2	15
PML	15q22	Tumor suppressor gene	Promyelocytic Leukemia	15
TPM1	15q22.1	Tumor suppressor gene	Tropomyosin 1 (Alpha)	15
MAP2K1	15q22.1-q22.33	--	Mitogen-Activated Protein Kinase Kinase 1	15
NEO1	15q22.3-q23	Tumor suppressor gene	Neogenin 1	15
SMAD3	15q22.33	Tumor suppressor gene	SMAD Family Member 3	15
ANP32A	15q23	Tumor suppressor gene	Acidic (Leucine-Rich) Nuclear Phosphoprotein 32 Family,...	15
RCN2	15q23	Tumor suppressor gene	Reticulocalbin	15
SENP8	15q23	--	SUMO/sentrin specific peptidase family member 8 (Previous names: protease, cysteine, 2 (NEDD8 specif	15
CRABP1	15q24	Tumor suppressor gene	Cellular Retinoic Acid Binding Protein 1	15
AKAP13	15q24-q25	Oncogene	A Kinase (PRKA) Anchor Protein 13	15
CSK	15q24.1	Oncogene	C-Src Tyrosine Kinase	15
CYP1A1	15q24.1	Other	Cytochrome P450, Family 1, Subfamily A, Polypeptide 1	15
CSPG4	15q24.2	Other	Chondroitin Sulfate Proteoglycan 4	15
SIN3A	15q24.2	Tumor suppressor gene	SIN3 Transcription Regulator Family Member A	15
MFGE8	15q25	Other	Milk Fat Globule-EGF Factor 8 Protein	15
CHRM5	15q26	Other	Cholinergic Receptor, Muscarinic 5	15
BLM	15q26.1	Tumor suppressor gene	Bloom Syndrome, RecQ Helicase-Like	15
FES	15q26.1	Oncogene	Feline Sarcoma Oncogene	15
PKD1	16p13.3	Tumor suppressor gene	Polycystic Kidney Disease 1 (Autosomal Dominant)	16
TELO2	16p13.3	--	Telomere Maintenance	16
TSC2	16p13.3	& Tumor suppressor gene & --	Tuberous Sclerosis 2 -------------------- (Previous	16
PLK1	16p12.2	Other	Polo-Like Kinase 1	16
FUS	16p11.2	Oncogene	Fused In Sarcoma	16
LAT	16p11.2	--	Linker For Activation Of T Cells	16
PRKCB	16p11.2	--	protein kinase C, beta ---------------------- (Previous names: protein kinase C, beta 1 ) (Previous	16
TP53TG3C	16p11.2	--	TP53 Target 3C	16
CYLD	16q12.1	Tumor suppressor gene	Cylindromatosis (Turban Tumor Syndrome)	16
RBL2	16q12.2	Tumor suppressor gene	Retinoblastoma-Like	16
MAF	16q22-q23	Oncogene	V-Maf Avian Musculoaponeurotic Fibrosarcoma Oncogene Homolog	16
CBFB	16q22.1	Other	Core-Binding Factor, Beta Subunit	16
CDH1	16q22.1	Tumor suppressor gene	Cadherin 1, Type 1, E-Cadherin (Epithelial)	16
PARD6A	16q22.1	Other	Par-6 Family Cell Polarity Regulator Alpha	16
BCMO1	16q23.2	--	Beta-Carotene 15,15'-Monooxygenase 1 ------------------------------------ (Previous names: beta-caro	16
CDH13	16q23.3	Tumor suppressor gene	Cadherin 13	16
WWOX	16q23.3-q24.1	Tumor suppressor gene	WW Domain Containing Oxidoreductase	16
CDK10	16q24	Other	Cyclin-Dependent Kinase 10	16
IRF8	16q24.1	Tumor suppressor gene	Interferon Regulatory Factor 8	16
CHMP1A	16q24.3	Tumor suppressor gene	Charged Multivesicular Body Protein 1A	16
CPNE7	16q24.3	Tumor suppressor gene	Copine VII	16
ALOX15	17p13.3	Other	Arachidonate 15-Lipoxygenase	17
C1QBP	17p13.3	--	Complement Component 1, Q Subcomponent Binding Protein	17
CRK	17p13.3	Oncogene	V-Crk Avian Sarcoma Virus CT10 Oncogene Homolog	17
HIC1	17p13.3	Tumor suppressor gene	Hypermethylated In Cancer 1	17
MYBBP1A	17p13.3	Tumor suppressor gene	MYB Binding Protein (P160) 1a	17
PITPNA	17p13.3	--	phosphatidylinositol transfer protein, alpha (Previous name: phosphotidylinositol transfer protein )	17
VPS53	17p13.3	Tumor suppressor gene	Vacuolar Protein Sorting 53 Homolog (S. Cerevisiae)	17
FGF11	17p13.1	--	Fibroblast Growth Factor 11	17
PER1	17p13.1	Tumor suppressor gene	Period Circadian Clock 1	17
TP53	17p13.1	& Tumor suppressor gene & --	Tumor Protein P53	17
XAF1	17p13.1	& Oncogene & Tumor suppressor gene	XIAP Associated Factor 1	17
NTN1	17p13-p12	Other	Netrin 1	17
USP6	17p13	Oncogene	Ubiquitin Specific Peptidase 6 (Tre-2 Oncogene)	17
TAF15	17q11.1-q11.2	Oncogene	TAF15 RNA Polymerase II, TATA Box Binding Protein (TBP)-Associated...	17
CCL8	17q11.2	--	Chemokine (C-C Motif) Ligand 8	17
EVI2B	17q11.2	Other	Ecotropic Viral Integration Site	17
NF1	17q11.2	Tumor suppressor gene	Neurofibromin 1	17
SLC6A4	17q11.2	--	solute carrier family 6 (neurotransmitter transporter, serotonin),... ------------------------------	17
THRA	17q11.2	Oncogene	Thyroid Hormone Receptor, Alpha	17
CCL2	17q11.2-q12	Other	Chemokine (C-C Motif) Ligand	17
ACCN1	17q12	Tumor suppressor gene	amiloride-sensitive cation channel 1, neuronal	17
C17ORF37	17q12	Oncogene	chromosome 17 open reading frame 37	17
ERBB2	17q12	Oncogene	V-Erb-B2 Avian Erythroblastic Leukemia Viral Oncogene Homolog...	17
GRB7	17q12	Other	Growth Factor Receptor-Bound Protein 7	17
LHX1	17q12	Other	LIM Homeobox 1	17
BRCA1	17q21	Tumor suppressor gene	Breast Cancer 1, Early Onset	17
MLLT6	17q21	Other	Myeloid/Lymphoid Or Mixed-Lineage Leukemia (Trithorax Homolog,...	17
PHB	17q21	Tumor suppressor gene	Prohibitin	17
RARA	17q21	Oncogene	Retinoic Acid Receptor, Alpha	17
EIF1	17q21.2	Tumor suppressor gene	Eukaryotic Translation Initiation Factor 1	17
MPP3	17q21.31	Tumor suppressor gene	Membrane Protein, Palmitoylated 3 (MAGUK P55 Subfamily Member...	17
STAT3	17q21.31	& -- & Oncogene	Signal Transducer And Activator Of Transcription 3 (Acute-Phase...	17
AXIN2	17q23-q24	Tumor suppressor gene	Axin	17
GNA13	17q24.3	Oncogene	Guanine Nucleotide Binding Protein (G Protein), Alpha 13	17
BIRC5	17q25	Other	Baculoviral IAP Repeat Containing 5	17
ITGB4	17q25	Other	Integrin, Beta 4	17
SECTM1	17q25	Other	Secreted And Transmembrane 1	17
CD300E	17q25.1	--	CD300e Molecule	17
CDK3	17q25.1	Other	Cyclin-Dependent Kinase 3	17
RAB37	17q25.1	--	RAB37, Member RAS Oncogene Family	17
SPHK1	17q25.2	Oncogene	Sphingosine Kinase 1	17
MAFG	17q25.3	Oncogene	V-Maf Avian Musculoaponeurotic Fibrosarcoma Oncogene Homolog...	17
TYMS	18p11.32	--	thymidylate synthetase TYMS: Approved	18
YES1	18p11.31-p11.21	Oncogene	V-Yes-1 Yamaguchi Sarcoma Viral Oncogene Homolog 1	18
ROCK1	18q11.1	--	Rho-Associated, Coiled-Coil Containing Protein Kinase 1	18
GATA6	18q11.1-q11.2	& Oncogene & Tumor suppressor gene	GATA Binding Protein 6	18
SMAD2	18q21.1	& -- & Tumor suppressor gene	SMAD Family Member	18
SMAD4	18q21.1	Tumor suppressor gene	SMAD Family Member 4	18
BCL2	18q21.3	Oncogene	B-Cell CLL/Lymphoma	18
DCC	18q21.3	Tumor suppressor gene	Deleted In Colorectal Carcinoma	18
FVT1	18q21.3	Other	follicular lymphoma variant translocation 1	18
PMAIP1	18q21.32	Other	Phorbol-12-Myristate-13-Acetate-Induced Protein 1	18
SERPINB5	18q21.33	Tumor suppressor gene	Serpin Peptidase Inhibitor, Clade B (Ovalbumin), Member...	18
ANGPTL4	19p13.3	--	Angiopoietin-Like 4	19
APC2	19p13.3	Tumor suppressor gene	Adenomatosis Polyposis Coli	19
ARID3A	19p13.3	Oncogene	AT Rich Interactive Domain 3A (BRIGHT-Like)	19
EBI3	19p13.3	--	Epstein-Barr virus induced 3 EBI3: Approved	19
MLLT1	19p13.3	Other	Myeloid/Lymphoid Or Mixed-Lineage Leukemia (Trithorax Homolog,...	19
JUNB	19p13.2	Oncogene	Jun B Proto-Oncogene	19
JUND	19p13.2	Oncogene	Jun D Proto-Oncogene	19
LYL1	19p13.2	Oncogene	Lymphoblastic Leukemia Associated Hematopoiesis Regulator...	19
NDUFA13	19p13.2	Tumor suppressor gene	NADH Dehydrogenase (Ubiquinone) 1 Alpha Subcomplex, 13	19
PRAM1	19p13.2	Oncogene	PML-RARA Regulated Adaptor Molecule 1	19
VAV1	19p13.2	& Oncogene & --	Vav 1 Guanine Nucleotide Exchange Factor	19
ELL	19p13.1	Oncogene	Elongation Factor RNA Polymerase II	19
RAB8A	19p13.1	Oncogene	RAB8A, Member RAS Oncogene Family	19
PIN1	19p13	Oncogene	Peptidylprolyl Cis/Trans Isomerase, NIMA-Interacting 1	19
CCNE1	19q12	Oncogene	Cyclin E1	19
ERF	19q13	Tumor suppressor gene	Ets2 Repressor Factor	19
KLK10	19q13	Tumor suppressor gene	Kallikrein-Related Peptidase 10	19
AXL	19q13.1	Oncogene	AXL Receptor Tyrosine Kinase	19
SPINT2	19q13.1	Tumor suppressor gene	Serine Peptidase Inhibitor, Kunitz Type,	19
TGFB1	19q13.1	& Oncogene & --	transforming growth factor, beta 1 TGFB1: Approved	19
ZNF146	19q13.1	Oncogene	Zinc Finger Protein 146	19
AKT2	19q13.1-q13.2	Oncogene	V-Akt Murine Thymoma Viral Oncogene Homolog	19
BCL3	19q13.1-q13.2	& -- & Oncogene	B-Cell CLL/Lymphoma 3	19
SERTAD1	19q13.1-q13.2	Oncogene	SERTA Domain Containing 1	19
CEACAM7	19q13.2	Tumor suppressor gene	Carcinoembryonic Antigen-Related Cell Adhesion Molecule...	19
RPS19	19q13.2	Other	Ribosomal Protein S19	19
TGFB1	19q13.2|19q13.1	& Oncogene & --	transforming growth factor, beta 1 TGFB1: Approved	19
DHDH	19q13.3	--	dihydrodiol dehydrogenase (dimeric) DHDH: Approved	19
GLTSCR1	19q13.3	Tumor suppressor gene	Glioma Tumor Suppressor Candidate Region Gene 1	19
GLTSCR2	19q13.3	Tumor suppressor gene	Glioma Tumor Suppressor Candidate Region Gene	19
PRMT1	19q13.3	--	Protein Arginine Methyltransferase 1	19
BAX	19q13.3-q13.4	Other	BCL2-Associated X Protein	19
RRAS	19q13.33	Oncogene	Related RAS Viral (R-Ras) Oncogene Homolog	19
HAS1	19q13.4	--	hyaluronan synthase 1 --------------------- (Previous	19
CDC25B	20p13	Oncogene	Cell Division Cycle	20
TGM3	20p13	Oncogene	Transglutaminase 3	20
RBBP9	20p11.2	Other	Retinoblastoma Binding Protein 9	20
HCK	20q11-q12	Oncogene	Hemopoietic Cell Kinase	20
MAPRE1	20q11.1-q11.23	Other	Microtubule-Associated Protein, RP/EB Family, Member 1	20
DNMT3B	20q11.2	Other	DNA (Cytosine-5-)-Methyltransferase 3 Beta	20
E2F1	20q11.2	Tumor suppressor gene	E2F Transcription Factor 1	20
TGM3	20q11.2	Oncogene	Transglutaminase 3	20
MAFB	20q11.2-q13.1	Oncogene	V-Maf Avian Musculoaponeurotic Fibrosarcoma Oncogene Homolog...	20
NCOA3	20q12	Oncogene	Nuclear Receptor Coactivator 3	20
SRC	20q12-q13	Oncogene	V-Src Avian Sarcoma (Schmidt-Ruppin A-2) Viral Oncogene...	20
AURKA	20q13	Oncogene	Aurora Kinase A	20
CSE1L	20q13	Oncogene	CSE1 Chromosome Segregation 1-Like (Yeast)	20
MYBL2	20q13.1	Oncogene	V-Myb Avian Myeloblastosis Viral Oncogene Homolog-Like	20
PTPN1	20q13.1-q13.2	--	Protein Tyrosine Phosphatase, Non-Receptor Type 1 -------------------------------------------------	20
TP53TG5	20q13.12	--	TP53 Target 5	20
WISP2	20q13.12	Oncogene	WNT1 Inducible Signaling Pathway Protein	20
BCAS1	20q13.2	Other	Breast Carcinoma Amplified Sequence 1	20
SALL4	20q13.2	Oncogene	Spalt-Like Transcription Factor 4	20
TFAP2C	20q13.2	Other	Transcription Factor AP-2 Gamma (Activating Enhancer Binding...	20
ZNF217	20q13.2	Oncogene	Zinc Finger Protein	20
STK6	20q13.2-q13.3	Other	serine/threonine kinase 6	20
GNAS	20q13.3	Oncogene	GNAS Complex Locus	20
LIME1	20q13.3	--	Lck Interacting Transmembrane Adaptor 1	20
PTK6	20q13.3	& -- & Other	PTK6 protein tyrosine kinase 6 PTK6: Approved	20
TNFRSF6B	20q13.3	Oncogene	Tumor Necrosis Factor Receptor Superfamily, Member 6b, Decoy	20
CTSZ	20q13.32	Other	Cathepsin Z	20
CABLES2	20q13.33	Tumor suppressor gene	Cdk5 And Abl Enzyme Substrate	20
MRGBP	20q13.33	--	MRG/MORF4L binding protein -------------------------- (Previous name: chromosome 20 open reading fra	20
PPIAP22	21q21.1	--	Peptidylprolyl Isomerase A (Cyclophilin A) Pseudogene	21
GRIK1-AS2	21q22.11	--	GRIK1 Antisense RNA	21
TIAM1	21q22.11	Other	T-Cell Lymphoma Invasion And Metastasis 1	21
ETS2	21q22.2	Oncogene	V-Ets Avian Erythroblastosis Virus E26 Oncogene Homolog...	21
COL18A1	21q22.3	Tumor suppressor gene	Collagen, Type XVIII, Alpha 1	21
ERG	21q22.3	Oncogene	V-Ets Avian Erythroblastosis Virus E26 Oncogene Homolog	21
RUNX1	21q22.3	Other	Runt-Related Transcription Factor 1	21
DGCR8	22q11.2	--	DGCR8 Microprocessor Complex Subunit	22
IGLC1	22q11.2	--	Immunoglobulin Lambda Constant 1 (Mcg Marker)	22
IGLC3	22q11.2	--	Immunoglobulin Lambda Constant 3 (Kern-Oz+ Marker)	22
IGLC6	22q11.2	--	Immunoglobulin Lambda Constant 6 (Kern+Oz- Marker, Gene/Pseudogene)	22
IGLC7	22q11.2	--	Immunoglobulin Lambda Constant 7	22
CRKL	22q11.21	Oncogene	V-Crk Avian Sarcoma Virus CT10 Oncogene Homolog-Like	22
MAPK1	22q11.21	--	Mitogen-Activated Protein Kinase 1	22
BCR	22q11.23	Other	Breakpoint Cluster Region	22
GSTT1	22q11.23	Tumor suppressor gene	Glutathione S-Transferase Theta 1	22
MMP11	22q11.23	Tumor suppressor gene	Matrix Metallopeptidase 11 (Stromelysin 3)	22
SMARCB1	22q11.23|22q11	Tumor suppressor gene	SWI/SNF Related, Matrix Associated, Actin Dependent Regulator...	22
CHEK2	22q12.1	Tumor suppressor gene	Checkpoint Kinase	22
MIAT	22q12.1	--	myocardial infarction associated transcript (non-protein coding) (Previous name: chromosome 22 open	22
C22orf19	22q12.2	Tumor suppressor gene	chromosome 22 open reading frame 19	22
EWSR1	22q12.2	Oncogene	EWS RNA-Binding Protein 1	22
NF2	22q12.2	Tumor suppressor gene	Neurofibromin	22
PATZ1	22q12.2	Oncogene	POZ (BTB) And AT Hook Containing Zinc Finger 1	22
RRP22	22q12.2	Other	RAS-related on chromosome 22	22
THOC5	22q12.2	--	THO complex 5 (Previous name: chromosome 22 open reading frame 19 ) THOC5: Approved	22
PDGFB	22q13.1	Oncogene	Platelet-Derived Growth Factor Beta Polypeptide	22
SSTR3	22q13.1	Other	Somatostatin Receptor 3	22
RBX1	22q13.2	Tumor suppressor gene	Ring-Box 1, E3 Ubiquitin Protein Ligase	22
ST13	22q13.2	Tumor suppressor gene	Suppression Of Tumorigenicity 13 (Colon Carcinoma) (Hsp7...	22
LINC00229	22q13.3	--	long intergenic non-protein coding RNA 229 (Previous names: chromosome 22 open reading frame 10, non	22
EGFL6	Xp22	Other	EGF-Like-Domain, Multiple 6	X
SRPX	Xp21.1	Tumor suppressor gene	Sushi-Repeat Containing Protein, X-Linked	X
FOXP3	Xp11.23	Tumor suppressor gene	Forkhead Box P3	X
TFE3	Xp11.22	Tumor suppressor gene	Transcription Factor Binding To IGHM Enhancer 3	X
ELK1	Xp11.2	Oncogene	ELK1, Member Of ETS Oncogene Family	X
RBM3	Xp11.2	Oncogene	RNA Binding Motif (RNP1, RRM) Protein 3	X
MAGED4B	Xp11	--	melanoma antigen family D, 4B MAGED4B: Approved	X
FGF16	Xq13	--	Fibroblast Growth Factor 16	X
FOXO4	Xq13.1	--	Forkhead Box O4 --------------- (Previous names: myeloid/lymphoid or mixed-lineage leukemia (trithor	X
MLLT7	Xq13.1	Other	myeloid/lymphoid or mixed-lineage leukemia (trithorax homolog, Drosophila); translocated to, 7	X
LOC100129272	Xq13.2	--	Translocase Of Outer Mitochondrial Membrane	X
SRPX2	Xq21.33-q23	Other	Sushi-Repeat Containing Protein, X-Linked	X
MYCL2	Xq22-q23	Oncogene	v-myc myelocytomatosis viral oncogene homolog 2 (avian)	X
MCTS1	Xq24	Oncogene	Malignant T Cell Amplified Sequence 1	X
BRS3	Xq26.3	Other	Bombesin-Like Receptor 3	X
RAC1P4	Xq26.3	--	Ras-Related C3 Botulinum Toxin Substrate 1 Pseudogene 4	X
MCF2	Xq27	Oncogene	MCF.2 Cell Line Derived Transforming Sequence	X
CDR1	Xq27.1	Other	Cerebellar Degeneration-Related Protein 1, 34kDa	X
SOX3	Xq27.1	--	SRY (sex determining region Y)-box 3 ------------------------------------ (Previous name: panhypopit	X
CSAG2	Xq28	Other	CSAG family, member 2	X
MTCP1	Xq28	Oncogene	Mature T-Cell Proliferation 1	X
RPL10	Xq28	Tumor suppressor gene	Ribosomal Protein L10	X
TAZ	Xq28	Other	Tafazzin	X
XRCC6P2	Xq28	--	X-Ray Repair Complementing Defective Repair In Chinese Hamster...	X
TSPY1	Yp11.2	Oncogene	Testis Specific Protein, Y-Linked 1	Y
